MusicName,Visible,Votes,VotersIDs,IsUserRecommendation,RecommenderID
Serve.,True,70,[],True,c5d423e9-aff8-4b92-b4f3-b39cfb28f8a5
Can move.,True,31,"['fdb30f53-8f9e-409c-9390-c41790a83447', 'd370aafd-b244-4bf2-b62d-1b79b98c0cb2']",True,
American head.,True,83,"['932946b0-1ff7-4a74-9566-214d04469085', '341e0801-42d6-4cea-bf44-eef3931fad5a', 'a4e43825-af26-47b6-8350-4493490a3bff', '26603fbf-4c34-4a93-8adf-63a98b09ca21', 'a2554da3-9f1a-48d2-8dfe-cdfe87a6cfe7', 'd9efa552-dd89-472e-b83d-f78b434ba06b', '89ba6fe2-6ab8-4b45-8ce4-2a41572390ec', 'd6d9bd23-c201-444b-a3f4-d7339dc9ff2d', 'b4035c22-707e-4489-97a3-253930fc2681', '1b2ae506-76a5-4377-930a-cec298f9959b']",True,
Nothing loss special meet.,True,24,"['e52d81dd-9f9f-4422-a7ef-dd50a4336aba', '7ae84820-d095-4041-b945-e6775b9d8f43', '1b33e59c-9db3-4bba-96b3-f651449e080a', '93672f42-e9b2-439a-beb7-b503bab84aaa', '1ed483ba-61ec-4386-9203-ccd3eb5358c0']",False,
Kitchen bill.,False,23,"['bd6839c8-213a-4c7f-ad69-38df1c13f1bd', 'a3d8a922-8ed2-4c5b-bae6-348eb9cc083d', 'e071425c-8b99-4cda-b2ca-54d098b94bf6', '16470d8c-321f-4358-b9bf-3fcf71023516', 'd537c392-977e-4265-aa65-ec0dbca30ce1', '37bdd2ad-cd72-4b4d-a129-f2b8d0125db2', '9c558607-a7ff-4df9-bf38-1a0e7c669b75']",False,f8813f9e-1b62-4bcd-8c48-dbfcf6921ea4
Talk professional could.,False,61,"['918f145d-125c-4d0c-9ff7-054d6e7f5106', '3c808fbd-cf05-44fa-befb-ff9fc9de1bad', 'ce9f1a9e-1ca0-465d-a868-53ea568c4a2d', 'a1104581-0898-4b5b-8caa-2ba3b7ceb649', '366baa07-38e0-4a02-a92c-9e5d3d87ddf0']",False,8bdb4675-2b6f-4e2b-9b1d-25cd1d44815a
Environment all space.,False,83,['c727f15b-53f4-4ca5-a863-d4d8b6b06c99'],False,
Time the.,False,77,"['18e38fc4-8e45-4d55-a1d0-b67aaf28ca5c', '5b17ecf8-9ceb-43f1-81c7-f3369c49f36c', '67c6537e-a701-4c4a-8879-29d517747cec', '9fc84c1a-33c9-4a3b-8326-3ef977a90abb', '16928424-7a40-423e-9e11-2d10ba794086', 'a162e8a1-81f1-4930-b537-ad0c6d9baa41', '7d9e00c8-5c71-4d66-abef-94693aaf84ba', 'a67ca84d-1a37-45d7-8222-32d0f24574d9', 'b42a07e4-ed14-4153-a690-3b7accac0f60']",True,542e1c33-be6c-4b05-a6cd-9dfdc13517a7
Loss dark exactly.,True,18,"['6ddf5962-cf2e-42d7-96b3-66df69348ad7', 'd138005a-6447-4a8c-a8af-9474bb415ecd', '931859c8-2a70-46be-b96b-e833114e9c02', '9e6f3e8f-5b19-4f6a-8684-82867b312fc5', 'c579574b-5340-43e1-8c89-311bd23e7688', '74c587e4-f34a-446b-91d7-ac7366371d36', 'f4d41ca9-978e-4039-af40-e57f95959dee', '24ff2be5-3b31-4669-8cf1-b41f47d8f635', 'a9a831c2-5267-47ad-87fb-04c3aa3c1ea7', 'fb070736-8c76-4062-b0c9-d49b34844955']",True,
Assume road friend.,True,2,['5e7a5341-c80e-46a8-9824-07198361404f'],False,
Opportunity boy reflect great.,False,53,"['94cbe519-7a7e-4abf-b99c-28715fa4dabc', 'f0a823cd-333f-473f-811e-fc2614e200d3']",True,4c87f3c1-a736-4a92-a985-f56f1c9d100e
Less American social.,True,26,"['ee82e95c-30d3-4909-a043-1125e7be80d2', '85268897-d70d-4af2-933f-eca19b03c20c', 'b424a46f-d8d2-444e-9276-d3bedd5ccc64', 'c89e1ef1-2d19-43b8-815e-a620a344f5be', '0d20489d-ebc3-49bf-b923-3d31c884683b', '6e6c6405-52e8-4c5f-8796-36a6ec493569', 'bed2d26f-1bed-4ef2-8224-a0c3cd7e321d', '8d6987e6-8bd7-4705-aa0f-c6a4031decac', '47b4a3e4-594e-47a4-931b-394a7343c09a']",True,ebf1f610-ec31-4962-b1b8-7b5c7d5732ce
Forget conference know.,True,53,['aafed18d-7b78-44ad-8b67-eb2b772a63f7'],False,ef3aff43-dbdd-4fba-9204-2df174d2b1cd
Human adult.,False,52,"['7e81b75a-60c3-4977-9c12-833708bf0937', 'afe3d6a7-30f1-4e49-9076-3f84ec910b24', 'a9e29799-5537-4d76-8884-1b81b997b125', '5009ffeb-1117-4e66-819f-60c0de409c99', '50dc3cf9-0061-4703-bd21-0fd03474a836', 'd48293e8-38cb-44e3-af95-ecead884913f', '80567800-4f32-42ef-87d0-10fd78d96fd9', 'b11f386f-2781-4c7f-b7b6-6f2e231497fe']",True,ab031b21-e9c1-46f6-9b0a-a241014c6d08
Quality gas new.,True,27,[],True,
Charge find.,False,45,"['78713807-ce81-4721-8b9d-14225d0e5a4d', '868f37b2-ceab-4158-a99e-922590335b54', '1187a388-c2ce-4925-bf4a-eebac12b0111', '5bff8ece-4767-40fe-afb2-69a7fe92433f', '8d2333ed-3606-48f6-b695-3d4313eabc36', '7770b186-89c7-45f3-b75a-f96c474ce9f1', '6b603f2a-6543-4ac6-8f86-89a6b8e590b1', 'ba1cf14d-db5b-4cf9-a456-23911d24501b']",False,
Wait other begin decision.,True,21,"['3d3340e9-02b0-4328-8409-72372be476fa', '70df7824-af38-4862-9f60-bbb7c5c9ea6e', 'de7292cd-8c57-42d2-a179-d0fed09ed360', 'b9c82fc6-d094-4c2d-a40a-39ef66f9aeee', 'f8b14922-2cef-48ad-a56a-9f1c84726ad7']",True,
The Congress.,False,9,"['eb778b1f-aedd-4578-a064-0a05b104ff96', 'de1d2eb8-3e2d-4515-ae2d-d944f569a4be', '2ed85230-85ac-433e-9da4-187a239a6a3b', '0cd4a4e5-b49b-454e-a4cb-b371f50e61e9', '7990e2b6-f9dc-45c8-864c-f43e702ab006', '2de09dd4-1c3b-4d54-9589-532e5827551b', 'f5715ad5-7b1f-4cb9-944b-b0f8508e604b', 'dc465f7e-d2df-4d3a-a810-d436066188e4', 'c9ee3835-c2ba-48dd-9506-a0cb15cbb42b']",True,
Eight Congress more.,False,100,"['cb8cb309-a143-4ff7-bb92-580cc38768f1', '619b2bcf-dfbe-4451-ad77-f2baf22a4d9f', '1ff24263-e954-45bf-a7ef-cb24e9deef13', 'd033f54b-c1aa-4be0-ac6f-5ca318d5b7e8', '7e751eb9-84df-45de-9f04-a2bae3cfbda6', '5809f418-af66-45be-8307-461fa70e749a', 'a1a771ef-91b5-4b91-ad9b-5b2c02e53dbc']",True,31247ed4-d7cc-4462-81fa-c320d2c7ecd7
Almost reveal.,True,7,"['bd00ec91-2b42-4757-9a98-709a749dd576', '1b948aea-c4a1-4d6b-929d-c6674e833dd1', '2e9ec03f-71e7-4e62-ac0f-f27a385ffd77', '5bff29ce-33a7-4ebd-873a-4f6b456fbeed']",True,a483d97e-31d6-45b0-a2b5-03909bc48363
Leg international of.,False,88,"['895fe764-d20a-4344-86ec-05deb69cda75', '7f4ee992-92ca-42a7-aa10-d604a20cbcc4', '6a0f8d33-b548-48af-91ba-ecab32dab415', '398e8646-4212-4fe1-964e-28d05fe7583d', '60984e7d-fba1-4037-a159-d8e7a2e9b955', '0d11f12e-b8c7-4c4b-8fc1-16e6eba8211b']",False,9c483e91-9bcd-4daa-86a8-86a9bbe092cc
Tend thought.,True,73,"['d038a9e7-e79b-48f3-817d-c80886fd0639', 'dad5c729-df2e-4d95-b7b4-8085137a10b6']",False,
Thus unit remember.,True,7,['265904aa-4b49-47dd-a9de-dbe7e116c832'],True,3dd0f32c-a93f-4304-ae11-e23df1fffa33
Week prepare every.,False,34,"['7d26a796-b352-4658-aefe-24dbdc668313', 'd6b12315-7df4-4d48-9897-c7a626daa9c1', '5b79b009-75ba-4386-9fd9-4817d94e41f6', '6c7b631a-91c9-4fe1-8310-576acb6d1343']",False,e14f8eda-8228-4dc8-9130-7b2b541c6849
Area plant task effect.,True,38,"['4af9e500-8cb5-42d8-99ee-8134fd1cad1b', '4c6f4681-6d23-4968-af11-56ec75413dff']",False,
Entire north nice unit.,False,22,"['e4374baf-cb0a-489e-b675-d62d6d3bbd0e', 'df59250c-908e-476e-8ec9-c688a7f146ae', '2a72f0bf-708e-455f-9e3a-a1a825cf7a2c', 'd5d08d54-2a9d-4565-b2d7-7709c3fa7aab', 'bd0c6e22-2f4d-4549-8d12-fd4daa556e87']",False,051958d8-b8e4-4e07-ac53-dcb5d86d0749
Short impact.,True,89,"['4614d309-0d7e-42ae-8839-20c02f192cbc', '0b7bdbb1-cc56-4c23-9e80-b18d59345034', '00ae78a0-2e11-4324-9da8-065e3899a904', 'e3e04522-aa76-46ec-93e3-b0c91f81e5fb', '1de28663-4c64-471e-b99f-33225b8dd81e', '3255c090-f925-4161-bc5b-c3170d708670', '0f351820-9498-42eb-9d54-ff639451aac7', 'c0646e6e-0845-4256-9503-c2a5a4b59798', '81a82e7f-9417-42b0-b492-19a17d73fbcf']",True,0d92e283-bc75-4872-9812-7b01ebb54e8e
Themselves technology surface.,False,15,[],False,5be314ae-fa59-461c-ab34-b5203af8ba30
Many list pressure.,True,66,"['5f8d9989-c75f-4b84-9dcb-8a3c44a6a6da', '22f9d68a-b8fa-4460-a297-da45bf50dbf7', 'f6e1ffee-c57b-46a1-aa5c-f7d8e9601885', 'cc106837-b8cc-49b9-bc5a-d1af337c6569', '6dad0643-de9d-483a-b929-7d9d878959df', '39c5252c-ad22-4c53-a54d-99260506f07f', 'c728b500-03b5-4c35-8ed7-920a9783fc4d', '70610e17-af5e-42de-a5c8-4fab9d685223', 'a8a96e9f-e600-4830-8421-540d5ef2d4d4', 'b222e7c9-61f5-4660-ad99-dd1f07b1a8dc']",True,
Several born.,True,92,"['1a81f224-90b2-486a-812f-39aae7faffcd', '081fc49d-67fb-4dcb-b1a6-06bf3cbba4d5', '123ddcd5-b79b-47aa-8e48-0c32bf617e73', 'd47f80c6-69ff-4dc9-b38d-681a6ca88b37']",False,d38de04c-eeda-4d31-809d-308094f9e061
Mean visit position.,True,93,"['5011303e-5208-4c53-88e0-894e5ed52d62', '36a546c1-8745-49c1-8fb5-079fd63cb4d8', '9e840e9b-f21b-4d13-b29d-8a209da8a27b', 'a132051e-b5e8-400a-8ee5-025e8a67ff83', '7f82c9c1-dfc0-4949-8034-c5ae550fac4f', '37316d6c-3539-4bf1-a8bd-59f8e6770b5b', '76c37065-c14c-4497-a8b5-742b93cf94d5', 'a0df67e0-dc26-44e6-b146-21ddc9e8b34d', 'b7ec6b9d-f5f2-4683-ab57-829629105e2b']",True,
Street.,True,99,"['d3ccf413-afe0-4deb-93ad-0d1629179be4', 'd66b6a00-e33c-45ca-8cec-b41cd50de38c', 'd2b9eafc-1248-4dc5-98d4-b7fb17b37b65', '1f68c236-d206-41ae-bf41-09043fe26b45', 'e69ce914-f062-4a98-9acd-39b962bc3536', 'f35bab48-6f8e-4ec2-bda0-732908bffe9a', '11667d24-e66c-4a0e-b4e6-10bbab5cc5f4', 'dd90802b-ee15-4830-8526-e9dca832e7c8', '85a4a902-249c-4b7e-abac-4b6336e998cd']",False,25deb1a1-2160-4393-ba7e-e8a24f8d3ea4
Cup dark accept.,True,72,"['246ef52d-6af5-4214-b619-9268c72f6445', 'bd657906-6c0a-42bd-b14f-107a44d7bf9a', '6ad1eb37-f611-45bf-9a36-1defdf2bc4f1', '1c0a6216-2bd2-49bf-8784-3c903b7d6c40', 'a795de9f-2f49-415f-9ad1-e1ecf0648c34', 'b81e4eb6-a892-4a38-baf8-9dfb624b36d2', 'a92ed2d2-8fc2-41d2-8cb2-9515c4ac1f1a', 'ae3f6175-bbd1-4fa5-ba82-2ceda0944cee']",False,a2f88fab-263d-49d9-be2a-92f0e1d470b2
Cold listen she charge.,False,90,"['0f919f81-07b3-4c37-b122-cacbd6cc35b8', '552dfa8c-5407-4be9-9eba-a975ac180eec', '1f585af0-f46d-4ffc-a9d9-3d210a69f062', '5f6857a3-efc2-427f-82e9-8479fbbf07a6', '7f6e6d9a-5a8d-40f1-8d8a-81075d9314e5', '61bbd804-4e15-4d27-84fa-1870dd58ff11', '57dd8126-cc85-4b28-bac4-8c23d9d36c9a', '83937bb1-5856-4ddb-9a4b-3327aed84bde', '31a28c67-0bd9-427c-aa6b-0ac5c4490fee']",True,5faa25bd-26c5-4ac1-8bf2-4a4e1a482fe1
Fill window.,True,84,"['17d22958-4a22-4b33-8a41-879b4f4290f4', '30481d0d-2b7f-4b7b-b242-c47356afac02', 'f6cfc42b-e41a-4355-a794-75cad535878e']",False,
Like.,True,92,"['8f4bb678-0ec2-4960-bdcd-ba83757b2fc9', 'f86f3553-dcb4-4ddd-a94f-b1fec17ee260', 'b5e9ef44-9be3-4639-a7e8-a3c653b76fbd', 'cf625a26-7d95-4a0c-90d2-fd9f78f5730d', '8c033234-35d6-43a2-9ae4-914c5f6c2712', 'df0fc9c0-7964-4383-9038-db7a3b1c25cb', '1603fee0-f7e9-4ffe-9f02-cc1c6189c30b', 'acf31ff7-71a7-4a2a-ad8f-4a80fe774b8f', '6ec3cc8b-b22b-42d9-a404-7e0c71d654bd']",False,
Note hair too.,True,99,"['1886bfa7-467a-4a23-8024-c07443cc7d4d', '0a6d2667-5146-4592-987d-ebea9ed84a7d', '342df6d6-9323-472d-9106-89290bb8f879', '4dc36a9e-e1af-4930-a839-4a06485c027d', '48c84557-0659-48be-b163-8752c96d04d0', 'f8b6f438-517c-44d4-bb02-cb3143e1f61e', 'b360854d-b907-4b67-9219-d0958b2d3b00', '00bb1870-753c-4eda-844c-b63e56001d9f', 'ed577068-cd97-4699-a628-71a16c546136']",False,9121dd38-7d65-4c90-9b7e-5e999a3d95ea
Top store.,True,81,"['0cd752b3-9f9b-4fd6-9763-3e64400a0852', '9ae1e87d-9692-44c1-a4e3-4d8d862da4dc', 'cea939b2-479e-407d-a4f7-58ee5981e1de']",True,
Edge media.,False,48,"['53b94169-947c-43fe-a9ad-d8ecd6381b0c', 'd4b0d92f-219d-467e-a020-9a5510106a42', 'f4f6f1f0-cb48-423d-af10-a191d8041fc0', 'de1830aa-dd42-451b-8d4f-639ea778c348']",True,
More start significant.,False,53,"['f7198104-d68f-4906-b609-0058e7b4639b', '1d255b10-b14d-40ee-8f6a-9c88c1705123', '09f7feb9-712f-4d82-a63a-2d8982bbb6e1', 'aec4b839-3d4c-41b9-881b-41e4d7d02a50']",True,
Individual miss.,True,84,"['42b7e740-3450-4c9c-bd44-a42095b9fddd', '9d6ff7c7-b4f2-4469-80dd-4ecb5d61047b']",False,b906f7a3-c056-44f7-855a-99a490b189a4
Capital newspaper success.,True,86,"['6b3dfdfc-3335-4067-a8df-201db987c12f', '1d376ece-45de-4d98-ab06-5e8c5d910429', '95156d09-3385-42cf-bde1-d6a8d0f14174', '9769a5d8-f1d7-4490-8bcb-9ec2a763d7e2', '4d191451-669c-44f8-b925-1784cd1ef7a2', '3b5c9c47-d9e2-43bf-a80b-557635b4947e']",False,
Education recognize only.,False,12,"['5e23480a-2a1c-4e98-aad1-a998c8b5f819', 'afb8a1cf-5837-4cab-847f-e7a3690f4b3d', '5ee73021-d927-44aa-8ba5-ddc64d07343a', '251a21e0-1e2e-4d95-806e-366c3fdc201c', '36d2832d-d1d3-456a-aae7-26e6a3897ce7', '3100412b-ea11-44ac-8993-dfecdbe8fdc9', '29406989-a7b3-4b02-bcf9-e965256e7d20']",True,
Rock early among.,False,77,"['d1e4782c-b647-4643-9b0b-029a744031fb', '7f617990-1eb9-4b89-8c91-60f61c93f0b9', 'e15523d0-3577-4793-af1a-3aad38a84330', 'a33ad487-7d03-458c-b88c-c697945197c9', '490acf78-a8ed-4fde-ace1-f349484c0b37', '6436fa2b-4672-480b-b2a7-2345e161b180', '07ea0cbd-8296-4f64-8396-73b423b4c3d3', 'c7c0ef0a-5220-4f7b-b0d8-4b16185cb19a']",False,
With must.,True,86,"['a508bde3-79ef-40d3-bc7a-a1993149ffcf', '7989e9e0-c9d4-4b1d-9145-a982904af94b', '32686fd8-dd5c-4910-ad8e-f4a765738064', '25b496db-2438-40b2-a640-5d2ef8fa7bc4', 'f70ef2d0-4f85-42fd-8eb1-8b969d4488ea', '851819c2-9185-4372-96fc-5fbbed8e3de9']",True,a7ac0c93-9112-45a3-b476-db6e866a6c5e
Writer here condition.,False,70,"['679413be-4545-4028-99ba-a5cade8f8e4e', '460b952a-39b2-4d4c-b946-3ffa72059414', '8d6b1356-4592-4642-ba8a-c5755621666e', '54e2c2a2-2f17-4747-8b7e-0847be054d92', 'f7c44a37-bfdb-4bc2-8c40-5477da7716ba', 'd486ef3b-9c2a-42d4-9b6a-3829d9c992c8', '6eb73ce5-f940-4d93-955a-752fbc82cbe1', 'f95db378-c089-4941-9f16-666f4829400c', '1a4b9f0c-3467-459c-8a50-7da436906ed7', 'e6adf4c2-0860-4c29-9132-44c919124032']",True,324a1244-14d3-48d4-944c-2babd1216c31
Market he man.,False,88,"['35d64194-2d4c-4c8b-a869-67c1a9a82f8f', 'fd712242-502d-4ba8-a287-f715195504ee', '4443fa0a-91e3-4995-92a1-480a3fb1a755', '289481c1-227d-43b8-8074-8871fd99c6bd', '2650414c-399a-42ff-b6d9-686984e47178', 'e1ed0508-07dc-478e-aae7-4bcc360e75d8', 'f2c314a7-a016-4c11-ae76-bb1cab675c21', 'ad1e54e8-dafd-42a3-a383-c37d12b1090e', '1197e136-1dc6-4282-9f8e-1f5a56ab52b4', '0ff29ff8-390a-467b-a047-15571a107b5d']",False,
It mean.,False,11,"['0c6b7d43-c425-4fd0-803d-24388f94f03b', 'da329651-d3b3-4020-9a3c-882d3b3a91ce']",True,516e3c30-f070-4ac5-b355-a40bda234c0c
Include exactly.,False,57,[],False,
Toward lay.,True,57,"['f1679e85-dba3-4446-82e1-78bdd1fb8522', '0674ab51-4697-4ecc-a7a2-2c441d70d3a6', 'ecd284f2-bbdc-4e51-b0e2-0e359b19a320', '23241049-ec2d-4909-8dad-25255a3a0a44', '1a2706fb-a5e8-41cd-98b8-1f8d6b2a791a']",True,219e8814-8204-490d-806f-ad8a09ff72de
Establish win.,True,90,"['ecf94610-3b0f-45de-92af-0755794aba91', '0d2ff31f-3782-4542-9344-4f93039ab712', 'bd3d2d97-0266-4482-b866-68997c7f04bd', '189558da-4b6e-4039-8a83-2223cc563c7a', 'e311a7fe-1ca7-450a-81d8-90ed7431db58', 'c7d0e36c-1f26-4df6-9e0a-85a25a5cd510', '475c3570-87ec-44bd-b025-73cd44bd7a5a', 'aee075f6-a3fc-46b0-81cd-f5aa19eecb65', 'ef333f05-5f5b-456f-afba-07ffa173fbcb', 'd65920e0-b490-4dd8-8c8f-ad764720d2f4']",False,0688b200-6edb-4675-8088-8315c33054ef
Soon for hair.,False,90,"['2770a77f-88ce-4740-8324-643ee6e50931', '4784cdc1-cbdc-4155-8d67-bc92dfa96d5a', 'bf71b7b9-0353-4b91-b62f-3f8a23116e69', 'b3c50c7d-6a76-4ac4-a8c3-555b3a122494', 'a68afb4d-8595-4d78-bcc6-ec2e0b2a857f', '08c3b39f-2494-419d-b4b4-a8aa593c5b4d']",True,8e01ac3c-dd7b-4bbd-be85-035fcb60bc9a
Both hot hundred matter.,False,5,"['4d7c28c0-7dae-46cc-aa93-24cd263715df', '2ff5184b-5ad4-4b9a-9849-53a56223d5eb', 'cac3adf0-2db0-41b3-ac40-7d96ad2026ee', '6125ccab-7354-44a1-b3bb-e85f04ea5e27', '7e218a90-2965-420a-b2db-86bf329fa279', 'a8b96bb0-460e-44f9-9c98-e8b095880fa8', '29c2ef32-7ccc-43da-acd8-197bd8200b8a']",True,
Civil wide.,False,74,"['e382adf6-db1f-4f59-8917-1ac40d7f7b31', '910a7b70-190e-42b6-94b7-1a1bc38768a5', 'b392e7c9-b42b-427b-bfbd-90bbad5a1080']",True,
Service middle.,False,98,"['3d0549f0-6908-45a6-bb65-77095e1e414b', '91228f22-df46-4ade-9a08-ec1f120575c3', '410ffd8d-0579-4674-a316-7907e99ecdc3', 'ddfdb167-f97a-4215-9242-33509dcceac6', '2c7c855e-986c-48c7-bf22-37eb3516d4df', '356b9c8a-3a42-4796-b1e2-7b7ea1a6d1bb', '6776260f-839d-4adf-8847-7bb11b76179c', '7b27f902-3290-4f1f-a61a-bce7c668a87f', '01d25487-596a-456e-a9ec-48943a487518']",True,
Lot everyone.,True,87,"['0fcd0d6b-eb49-432a-b4e6-0160d7497e5c', '578b10c3-73bb-49cd-9561-4fead16661ff', '7e91e78a-a034-4e2e-b93d-6eb13d2cd25b', '8be0f260-b789-46cf-bc68-9b0f11e489c4', '4edc294c-2689-48dd-9b6d-eb9d524bb0b2', 'fcfb3342-82c2-4633-8272-2fd20293fddc', '909aef5b-1831-49cc-8ea6-ba9971f6a5df', '7b23b6be-2519-440d-9b2e-628fca22e1ea', 'c9cd3705-904d-4353-acf2-96936b430b55', '45e03473-5dd7-406f-8b5e-82fbdd6aae3d']",False,
Ball.,True,23,"['7125ba37-13b3-42d1-92f0-f42114c40fa3', '88727558-cebc-4771-8395-6a913a137409']",False,25e51b81-d1dc-4c18-8730-6102fc91893c
Smile religious recognize star.,True,43,"['41a7a6ee-e071-4638-9049-c31d0a32c5d2', 'd1a62792-5cb1-4e89-910f-42b7d318a3a2', 'b27754c9-44d7-43a6-99f8-59501ee6fae0', 'a698615b-f1fb-4319-8e6c-8c140f5c3acf', 'a3196d88-16b7-490d-a63f-1b384541d396', '08834793-f4f2-4611-a544-6919a37e7e1f', 'c922b5b0-7544-4220-b13f-b7fdb560ddb7', '7b973a73-25ad-49f3-9689-a0a8aacaee63', '212b3281-7776-412f-9de6-23d0a975ce68']",True,91cf62dc-3760-4b59-9ac1-3c827c272a3d
Half adult word.,True,74,"['a2bb2d8d-fa67-4511-94b9-f86f5201c2f1', '4dd6dd37-d912-443e-b88f-1c17487b508d', '323a455e-94df-4ba4-93ff-df266809ef25', 'd1517003-134e-4e68-ab41-4331ab49c65d', 'dee72190-acc1-4b03-877b-0b305bc6554e', 'c9e4cd1a-36a1-4e8f-a176-e0ac79b0d6e3', '01fa4ab0-ac00-4ac6-83d8-af643090820b', '5ae2ae8b-0010-4f6a-99e0-dc56b55d95b1']",False,
Probably.,True,12,"['644f6918-a088-4155-a0fb-f3243bb3435c', '70ac7156-8bbc-49d8-9623-707482b6e0b4', 'f8365851-13d8-40c9-b7f1-476bc46edfc5']",True,903e482c-9b81-49ba-a58b-d61681d67257
Similar dinner.,False,3,"['7d38e710-e7b0-4e18-961a-3af433db5cd1', '4bc32c70-42ec-4dd4-bc08-f3db1440e8c8', '5d20da8f-682f-4166-bfeb-9fef34aa32b8', '4e8f18ad-259c-4fb2-8de7-3b8fb766b0a4', 'c8f809a2-99d5-496e-bd6d-da96c8c03a58', '97caa37c-9e66-4899-95b9-8cdd83a5730d', 'a6e8e3cd-ff75-4971-82a4-8b5d2484bc89']",True,
Opportunity economy walk still.,True,6,"['7a3d3094-78ad-471c-9acb-f54d4b7ccbee', 'e6bd93cd-92d5-4871-bcf7-44cb18123f6a', '1a509d40-9a1a-44d0-8e16-fdf7323c218b', '0a30deed-e222-4521-a655-927efe993a31']",False,a5aabf78-4e07-49e5-8ff5-98ddcfd990e2
Six sound least.,False,55,"['d3824466-bf8d-4205-90ae-4776ec0430a8', '3a0ef5f6-30d7-44d8-abea-8ee1716be78d', '29311eae-7ad9-4889-9e92-18f0d2415c1f', '16f8ad61-985c-4de5-b2a2-2cf8cd035d01', '4aea5650-9882-4796-8000-6526a286dd9a', '89cf1b30-d780-4517-ae65-0d11e2c00d27', 'e1f5ff1f-873a-4a2f-8ea6-82db4370c1bc', '62093120-68ed-4708-8550-4ed934d3d9f6']",False,ff9a7723-4ccf-4d62-9c99-0a290387a63d
Voice myself prove.,False,91,"['8346d930-0e73-4673-9103-cddc00ac205f', '9ab82df5-55c6-4932-a406-4fd2bf787e23', '2e83461a-46ce-4ddf-9cfe-e6f22d5e6a6e', 'f5283344-3ec2-49f3-b5de-3dab9caf0327', 'fff6c0ea-8cad-4053-85db-f23ab2aeda18', '0bbe6307-74b4-49ea-a4e9-7af49f128fbd']",True,6b3ebc5a-f249-4a04-a321-0766bb459fc7
Main appear accept.,True,96,"['7bd3c1a5-ff95-4d8d-a65c-c393fc76f075', 'eeb8c9c3-457a-426f-a2b3-3be7e6dcf86c', '619b5366-0312-4dfe-9d80-b9af9e0c240a', '7b56d325-49b2-487e-b810-a6372d27fadd', '00ef38af-e85f-4059-b65b-b6560692d57e', '238cbfe9-08bc-4041-8426-b33c08a3273e', '7c39182b-1660-42e9-8ce4-f36b03d507b9', '0af1f5b2-d69a-459c-bb3b-dd530e9ef264', '5412419c-6b43-407e-bcd6-2331f6c948cd']",False,
Tell goal cause.,True,21,"['a1bbd03d-a92a-4c56-9c0c-3da6024809f3', '3a60e552-d6ef-486f-876c-7e11a0691455', '2f1fcd7d-3def-47d9-a34a-f18171123edd', '7a326fb3-01c1-4edc-a2db-b75a8ddefcf0', '253ba2f1-9834-45c2-8eca-ca8b1723c83c', '151f7abb-e5f7-4a56-a900-f847880d0c4c']",False,
Her happen good.,True,94,"['b38bf38f-89ad-402d-8855-4fdd309b3a74', '94ba0b4c-ecd1-4fd1-90ee-0904c4ac0eac', '3ec20e52-e43b-449f-9078-37ca9561e93d', '1801de2c-17fb-4118-b192-94b463f90896', 'c7a8ca62-7191-46e7-b34a-d70384585cc6', 'b5d5a334-b4ad-46c1-aaf5-060087cb9800']",False,
Need recognize.,False,1,"['2bced161-2f74-4c7c-9a97-56512546067d', '29ab2b46-89c5-432c-afe2-54876d4ca8e1']",False,89e14909-838b-421b-89fa-6e77b5dd6e5c
Significant near large.,True,35,"['cec1a66d-804a-4550-89d1-12bcbafc8bd4', '72328e14-c723-468c-b2c6-865dc1213737', 'fc018678-65a5-4fa3-b156-ea7102776c5e', 'cbf8c657-ec66-4b79-ad8b-a86e5f1a268d']",True,
Red value upon.,False,43,[],False,
Stock list how.,True,86,"['7b495552-2e56-4e3a-accf-adb4d1d34e8d', '17f012ff-b01a-4643-84cb-bca374f7718c', 'b02bf5af-f8c1-44cb-92d2-1713e8e93822', '678fe3ec-671c-4f5f-bf58-5e57ecf0b470', '7f1f226b-ce4c-4ec8-852f-6f9d58c3f1aa', 'aa6bc05c-046b-4f95-8165-24660f4db957', '8b68bbbd-9b43-4736-beb9-26a62126c28e', 'c2bafb5e-1568-4cc7-903d-95cff132473a', '0d374257-ddd4-4225-b935-5280b7d36889']",True,
Whom central read.,False,45,"['6c4d6129-feeb-47a9-8952-aea0b5cbd8ef', '389299d7-5251-4e8f-95f9-6d4c4d9af2f7', 'c5af5b36-978c-4ebd-8dd5-3fe844b1d741', 'a8de2e04-331f-4252-b201-35466e14a6e6', 'cffe2555-3b86-4f0b-bcce-e72854f509bd', 'f452b31b-bce5-46d8-930b-fdb4a31fe9fc', 'e16c1ae0-8b91-4218-b361-c7bdb15f6204']",False,
Strategy new.,False,30,"['463f3506-4136-423c-939d-232421be48b9', '592eb5fd-f9eb-4515-af4c-3857a6283908', '021c2a93-2fcb-45fc-822c-e354392560ac', '22d17592-8117-45b1-81e7-ccc5ac3c98be', '12f89b90-e09f-4d65-9cc1-48663a783ac2', '14d6e30d-cd80-4685-80b2-3ac77816009d', 'a299c7ce-7af4-454b-9bb2-e824bc51f97e', '0a258fc4-b31b-4de0-b105-df6e97f395c8', 'aa082790-2da3-4229-bb90-e54d6d91a404']",False,2dd7b4ea-b634-4e0a-ac4c-53cd1760c430
Above.,False,21,"['7d36b8a6-3bdf-4da0-a60c-b722dc2904b7', '02932e6c-21fe-429a-92af-3d6f4b6bb249', '1e2293fe-0a9a-4a46-ae5c-93719b133b4e', 'f587ec15-5366-4b68-a4c2-b3a3cc50fe58', 'd91dcc29-ba96-42c3-9ead-6b33a47f3601', '2784026a-4ce2-450f-b7fd-1f00c340a4b1', '84b76fe6-37c7-4ee9-9625-fd6748e029de', '5784d025-a9d8-4f01-aa75-d4ba19460966', 'f1cc6708-2426-457e-9f04-017fb3bd8357', 'd28d440a-3bc8-48a5-b3ea-66915687446f']",False,
Sell charge guy.,False,85,"['0e9147af-95fc-434c-b66a-e98b100b5999', 'ab80d06c-00f2-4b2d-a871-a4839978f32c', 'ce839baf-1d4b-4d12-a22a-8b34f68d13f0', '58b6e3b8-66a6-45ce-897c-1443d4115dc6', '6abf8c55-431d-40f3-ad37-a12e80e4a98e', '2e9e3352-9408-4f42-b561-975f64c892db', 'd9776af3-a51e-4e0b-91e2-33dc6b15517e', 'e2409407-552d-401a-b83d-d4fa375bad06', '3589c58a-ef05-4b0c-9161-f3c076ea6abc', '49a12af3-be8c-4077-b2c0-1e6f35a81eae']",False,bdb4138a-069e-424a-b543-d15b4c80aca5
Half range.,False,2,"['06cd579a-4961-4025-b619-9786207fcd76', 'c7938b19-345f-4351-b808-b9a40bd3f7b4', '2ec1abca-8001-453f-8223-bf050f2da0dd', 'e2c0013c-0abd-49f4-93eb-7a66ef6a8fef', '7545b663-16f8-4a7d-96b5-69ff50897616', '0f1c60fc-cd9a-49f9-94bc-29d3ea7a61b5', 'b21e383a-fe4e-4bcc-8fe6-f9fa45b9b00c', '6ff84f63-9f52-4be7-aa69-32accd3056fa', 'c6b411df-8c58-4f61-8a22-755e34138dc5']",False,69930390-7b1d-46a5-9d67-3cba4ddf991e
West.,False,76,"['47f22535-aca3-407f-893b-3fdfd7506194', 'ef623521-9a53-4d56-bcfe-d43ebc08d851', 'b36aeda6-bf59-440f-b6fe-9b13164c7143']",True,10dddca9-362c-4f9f-bc78-f8b272ddc945
Air wear region.,False,85,"['d493e052-e5e3-439c-b11c-06f28b3d0218', 'ab1f8362-3374-490b-8e3b-b0566f6ed4d3', '1b2ea785-e103-49b5-b41d-b8f925821453', 'a5441434-eb6c-4a5f-8a5d-6ea0674b5d29', '7b8c8a3e-176a-4d51-85e5-e26ccb67e60f', '91467dc6-e0b1-4092-865c-e3e52ec30d65', '5cc79f76-af34-4e3f-99b5-e511afead6e1', '32742986-2cbf-48c2-8dc8-f2aac2249208', '02ba9531-9ca5-42e2-a744-47544b4b76ab']",True,2ead2126-b3c8-47b0-98fa-e439ba4b26f6
No main.,True,72,"['3c4d7340-09c6-405f-810b-0d9b48827268', '92b0dec3-25c1-4056-ad59-015cee147388']",False,f730b23a-02c4-4972-b01d-5f91cb6542de
Authority mouth.,True,64,"['6d09c8b3-0e4d-4595-b5e1-757554e3b7b9', 'cdea0a44-5fae-40e5-b502-c86cde569b42', '29ed5212-7a1f-4ca9-a017-8b7fcc6d43a8', 'f28eb7fe-116e-45b6-9626-bfaa83c24ed4', 'a1a2b161-023f-4837-88b3-2c26b073a8cf', '21a8baeb-b700-4a6c-930c-37f6dab1c3bc', '5ba77ccc-0143-434e-8e52-4234f2e93fbf', 'e1542179-c3ee-426f-8777-43bd32ad4143', 'fa5a69eb-ab87-4329-a080-1e393db8172c']",True,36e1e90d-46b6-4fea-bce3-55389bfe6f18
Hard over reality grow.,True,5,['7bf52603-f908-4278-8db4-827cbb962ed7'],False,
Let.,False,83,"['84fa68d5-01b9-443d-98ab-f2d8192a1d52', 'db2a1fa7-4e5c-47a8-a496-1f4d11291094', '78718d5e-c6ad-4c2c-bef7-c0c99c4cd21b', '2a6ab85b-432a-438b-941f-66770ea52388', '4a083741-a016-4009-9cbf-7956c2766f63', 'bb257248-adc8-48cc-b18d-35a9914bf917']",False,
Kind light.,False,55,"['e01831d9-ec5d-4ef0-8eb0-04c74dac64b0', 'f610fcb5-14c4-4c33-ad90-724fded3aa93', 'c188a892-6a33-4150-bdc3-55e90a902887', '985cbfa2-c676-4234-bfd5-06312b4223f0', 'cf0d5585-f56a-412e-b585-082af46853f5', '9faef364-01d3-4947-bfce-a254a45293dc', 'a45df55e-8742-4ea8-aa73-0a1f9fe0f59a', 'cad118c2-7928-4a7b-a7a6-3911bcf689c6']",True,961fd0c6-5957-4b6d-a981-bb681f56add0
Gas.,True,46,"['a79f02ee-3004-4792-aa4c-f36c02d3ecc4', '1e5db26e-b58a-4ff0-97a3-94ea942534bd', '3f9a6e10-12ba-4de6-9603-3f8ef80582ec', 'e81a6b71-46d5-491e-8abf-b618abcb3b75', 'f929a87f-ece2-40c9-b424-e70936dc33f4', '52622892-4857-4945-a83e-fa614a83f95e', 'b1829d23-2fe2-442d-a55d-4719256a338b', '5aefc936-9647-4ff8-8c66-dd9d4ac06089', '99ed7055-77c1-479c-a264-b49aaa249c13', '73df8aff-87b9-4ab9-a8c1-6c080adbc99c']",False,cefc8087-ad3e-463a-88a4-efd4b3d67166
Any laugh.,False,26,[],False,e271bf71-4740-4209-8eed-eceba2b9fd74
Class most.,False,27,"['52809263-cbe0-4d3a-9a03-4db4b7d1e0e2', '7d2faf06-6f35-4a7d-99ed-8b50204a619a', '6d047b3e-d0e4-452b-9b42-cea8dae04323', '7f29c867-10de-4dd3-883b-e5df53623daf']",True,
Seven those voice.,True,73,['03acbca4-a4fd-44f0-974e-88fcf7d474f1'],True,22370a95-c083-4482-a9a8-d467cda16294
Imagine race summer.,False,23,"['c4cec38d-2b94-4023-891a-1641fb301d92', 'aa70448f-dc2c-413f-aa10-613d798f7cd4', '8c21be6f-3671-4d56-acdb-b50bd6d1c337', '921828e1-8210-4b8a-b50f-6eb6e627d56d']",True,574384ec-0343-4b68-90e0-4aac07cce676
Seem threat recent.,True,34,"['de063a58-d3dd-4641-b874-8c510fefa227', 'f21134ac-3aa8-45ed-a283-bccd2678137b', '122f40be-916d-4e3e-a185-f72b5dc0cc6a', '5b455235-8231-4360-bfb5-1903aad194c3']",False,4d0b0e97-3890-4379-84f2-e5a2ad3ef4b4
Health.,False,54,"['2ed59f45-c830-47c1-9fb8-0bdfa2bbabc8', '104ea2fd-7ecc-45b8-8fdd-62b2e6fc1b8f', '6c78ede9-c5a2-48aa-9e93-ce01a26a02a7', '6852d4cf-ba66-4073-ad33-00ddb5857eb7']",False,
Citizen market give teach.,False,17,"['98bd5bca-e352-417e-83b2-f4d1e081c4c6', 'd4eeee7f-daf1-496f-ad95-7c17c64a99ba', '1a55eb67-a201-4af3-9352-bcf4ad2ae7a5', '86a0974b-dd8f-407c-80eb-375e91a41d81', 'c9042c47-c58e-4467-bbc0-b6d5ec79af1d', '5e3f2f23-c760-40d7-81b6-97ac105fe9c5', '14f4599c-3b23-4e45-9959-dfc43258cc83', '5862f831-2e74-446a-b4ad-5ecc3593d3cd', 'b68bcd52-1e27-425b-ba39-44e9a72c01e3', 'cdf5bf28-de0b-492b-a3b4-bd1aed804a1f']",False,
Seek three action.,False,65,"['6d0f3acb-a76c-4ca1-86aa-d2bb6bde1354', 'e72c8210-ebc6-465f-8a88-66d0c252765b', 'd95cb74b-73e2-4e87-bdd6-d6d2c6961501', '06fb7f66-562f-47bb-ba01-542fe86b78df', '41050975-6b41-4e10-abbc-82e5f385583d', 'eb51478c-e2eb-4b6a-a762-647d4b4a526b']",False,
Exactly would spend.,True,22,"['025f440e-9e4a-4fcb-bce5-efc97755d3f4', 'bf80e375-702e-48da-8c31-0287dba65756', '1c022d3f-fd8d-499d-899e-49cfb5bcbd86', 'aec4421f-40e8-41e4-b3bf-7ed6ed913054', '598e33e2-8271-4a21-948d-9c50549273f1']",True,127141ff-b3bd-4a8e-b294-b4a6f12a53d4
Population international create.,False,52,"['61517eac-3c8d-4d9b-9443-77d02f1c26ce', 'c52ffe01-c5fb-491a-9fff-0b70fd3ee629', '77572fd4-cecd-480c-9c9b-3fb7ff6f75cb', 'ea08030b-a97c-493d-9e20-ee0e33d7f394', '13701e86-6f42-430e-9004-739ca1c62fdd', 'c95659ff-88bb-482d-b7d1-2b2f0c030a95', 'b4bc97bd-d5ea-4c88-880b-9c46eae2406d', '4c099242-7c99-4f47-8bc2-bb0b1fb2e938', '18ace7ef-76a9-43d1-a3f5-ac4b643181ea', '926b17fe-6d67-4f80-9b04-7c1ea237c890']",False,528b76ed-2b5c-46cd-b078-131852d1bbb2
Hope sing.,True,47,"['639b7046-a75e-4c3d-968c-4a88a9c17f1a', '17de361a-b7b8-4913-952b-9df88d454b54', '005fb39f-71f0-4ade-8081-9345a3f9c660', '9ed424b0-6386-4dd4-bf33-41592144a8cc', '4820e14a-f381-4fb4-bc2e-66b1552412a1', '9c176e6b-f303-42b8-9343-db1523456ef5', '0b0605af-c382-41ee-a914-b6ce8bb029cb', '6cf0e88f-e54e-4f8c-95f7-3efe39ff4c9e', '19180b47-ac83-4772-82ed-40dbdc69ea3f', '34b03b6e-f77d-430e-9888-f6bc477376bd']",True,261d89c8-8602-4aaf-a202-eb2c35bb0b5b
Current first manager.,True,72,"['1c401bc1-0378-4173-b939-ae788b71896f', '56ff17d6-9a03-4441-9faa-d18f9f2be536', 'bc45acbf-d22b-4df3-bdb5-f059168f151d', '4ecaca7d-9d12-4f3b-b7f9-5c38cbd01ae1', '94cec94d-5730-4674-8e18-e0a5c17bf357', '078d5185-1878-49ed-b3c3-81c5be92081c', 'de0c0740-e3c3-42be-b14c-98ca50de0e6a', '10d55cff-dfb4-4b3f-8b95-d47bc0cf3823', 'd3caf599-be20-42e7-b26c-8b7f775e66bd']",False,e5281ada-1904-4766-affc-4cb742a0275a
Feel guess.,True,38,"['89cc3503-7ddc-4dd8-b667-ae6411905555', 'b63db859-90eb-4bd0-be8e-786580ef46b4', 'b6c0bc02-9906-4fbf-967e-f0a765605154']",True,
Ball chance.,True,61,"['d49e238c-fb1a-4553-85a3-3a3c1123e9ef', '34074831-9dac-4736-bfc9-458e4812e659']",True,7481d002-6b41-4abe-9b5a-52e673e872ef
Relationship coach herself.,False,52,"['11acc178-58aa-427f-bd17-6771e74e0db9', 'f580f006-8c5b-4dd0-8d70-f078c18df5fe', '6eb369f0-0d9e-4ae9-bc6c-020bf568bc3c']",True,
Visit road.,True,86,[],True,49197f71-7534-463d-85f7-4588b81e4817
